{
    "$schema": "../../../node_modules/@alfresco/adf-core/app.config.schema.json",
    "ecmHost": "{protocol}//{hostname}{:port}",
    "bpmHost": "{protocol}//{hostname}{:port}",
    "aosHost": "{protocol}//{hostname}{:port}/alfresco/aos",
    "baseShareUrl": "{protocol}//{hostname}{:port}/#/preview/s",
    "providers": "ALL",
    "authType": "OAUTH",
    "identityHost": "{protocol}//{hostname}{:port}/auth/admin/realms/alfresco",
    "loginRoute": "login",
    "mobileAppSwitch": {
        "enabled" : true
    },
    "plugins":{
        "aosPlugin": true,
        "contentService": true,
        "folderRules": true,
        "microsoftOnline": true,
        "processService": true,
        "tagsEnabled": true,
        "categoriesEnabled": true
    },
    "oauth2": {
        "host": "{protocol}//{hostname}{:port}/auth/realms/alfresco",
        "clientId": "alfresco",
        "scope": "openid profile email",
        "implicitFlow": true,
        "codeFlow": false,
        "silentLogin": true,
        "publicUrls": ["**/preview/s/*", "**/settings"],
        "redirectSilentIframeUri": "{protocol}//{hostname}{:port}/assets/silent-refresh.html",
        "redirectUri": "/",
        "redirectUriLogout": "/",
        "skipIssuerCheck": true,
        "strictDiscoveryDocumentValidation": false
    },
    "msOnline": {
        "msHost": "host",
        "msClientId": "clientId",
        "msAuthority": "authority",
        "msRedirectUri": "http://localhost:4200"
    },
    "locale": "en",
    "application": {
        "name": "Workspace",
        "version": "2.0.0-M2",
        "logo": "assets/images/app-logo.svg",
        "copyright": "APP.COPYRIGHT"
    },
    "viewer.maxRetries": 1,
    "pagination": {
        "size": 25,
        "supportedPageSizes": [25, 50, 100]
    },
    "files": {
        "excluded": [".DS_Store", "desktop.ini", "Thumbs.db", ".git"],
        "match-options": {
        "nocase": true
        }
    },
    "dateValues": {
        "defaultDateFormat": "mediumDate",
        "defaultDateTimeFormat": "MMM d, y, h:mm",
        "defaultLocale": "en"
    },
    "adf-version-manager": {
        "allowComments": true,
        "allowDownload": true
    },
    "sideNav": {
        "preserveState": true,
        "expandedSidenav": true
    },
    "mimeTypes": [
        {
          "value": "video/3gpp",
          "label": "3G Video"
        },
        {
          "value": "video/3gpp2",
          "label": "3G2 Video"
        },
        {
          "value": "application/vnd.alfresco.ai.features.v1+json",
          "label": "AI-Features"
        },
        {
          "value": "application/vnd.alfresco.ai.labels.v1+json",
          "label": "AI-Labels"
        },
        {
          "value": "application/vnd.alfresco.ai.pii.entities.v1+json",
          "label": "AI-PII-Entities"
        },
        {
          "value": "application/vnd.alfresco.ai.speech-to-text.v1+json",
          "label": "AI-SpeechToText"
        },
        {
          "value": "application/vnd.alfresco.ai.textract.v1+json",
          "label": "AI-Textract"
        },
        {
          "value": "audio/x-aiff",
          "label": "AIFF Audio"
        },
        {
          "value": "application/vnd.adobe.air-application-installer-package+zip",
          "label": "Adobe AIR"
        },
        {
          "value": "application/vnd.adobe.xdp+xml",
          "label": "Adobe Acrobat XML Data Package"
        },
        {
          "value": "application/vnd.adobe.aftereffects.project",
          "label": "Adobe AfterEffects Project"
        },
        {
          "value": "application/vnd.adobe.aftereffects.template",
          "label": "Adobe AfterEffects Template"
        },
        {
          "value": "image/x-raw-adobe",
          "label": "Adobe Digital Negative Image"
        },
        {
          "value": "application/x-zip",
          "label": "Adobe Flex Project File"
        },
        {
          "value": "application/framemaker",
          "label": "Adobe FrameMaker"
        },
        {
          "value": "application/illustrator",
          "label": "Adobe Illustrator File"
        },
        {
          "value": "application/x-indesign",
          "label": "Adobe InDesign Document"
        },
        {
          "value": "application/pdf",
          "label": "Adobe PDF Document"
        },
        {
          "value": "application/pagemaker",
          "label": "Adobe PageMaker"
        },
        {
          "value": "image/vnd.adobe.photoshop",
          "label": "Adobe Photoshop"
        },
        {
          "value": "image/vnd.adobe.premiere",
          "label": "Adobe Premiere"
        },
        {
          "value": "audio/vnd.adobe.soundbooth",
          "label": "Adobe SoundBooth"
        },
        {
          "value": "application/acp",
          "label": "Alfresco Content Package"
        },
        {
          "value": "application/vnd.android.package-archive",
          "label": "Android Package"
        },
        {
          "value": "image/x-portable-anymap",
          "label": "Anymap Image"
        },
        {
          "value": "image/icns",
          "label": "Apple Icon"
        },
        {
          "value": "application/vnd.apple.keynote",
          "label": "Apple iWork Keynote"
        },
        {
          "value": "application/vnd.apple.numbers",
          "label": "Apple iWork Numbers"
        },
        {
          "value": "application/vnd.apple.pages",
          "label": "Apple iWork Pages"
        },
        {
          "value": "image/vnd.dwg",
          "label": "AutoCAD Drawing"
        },
        {
          "value": "image/x-dwt",
          "label": "AutoCAD Template"
        },
        {
          "value": "audio/basic",
          "label": "Basic Audio"
        },
        {
          "value": "application/x-dosexec",
          "label": "Binary File"
        },
        {
          "value": "application/octet-stream",
          "label": "Binary File (Octet Stream)"
        },
        {
          "value": "image/bmp",
          "label": "Bitmap Image"
        },
        {
          "value": "image/cgm",
          "label": "CGM Image"
        },
        {
          "value": "image/x-raw-canon",
          "label": "Canon RAW Image"
        },
        {
          "value": "text/csv",
          "label": "Comma Separated Values (CSV)"
        },
        {
          "value": "application/dita+xml",
          "label": "DITA"
        },
        {
          "value": "message/rfc822",
          "label": "EMail"
        },
        {
          "value": "application/eps",
          "label": "EPS Type PostScript"
        },
        {
          "value": "audio/x-flac",
          "label": "FLAC Audio"
        },
        {
          "value": "application/x-fla",
          "label": "Flash Source"
        },
        {
          "value": "video/x-flv",
          "label": "Flash Video"
        },
        {
          "value": "image/x-raw-fuji",
          "label": "Fuji RAW Image"
        },
        {
          "value": "image/gif",
          "label": "GIF Image"
        },
        {
          "value": "application/x-gzip",
          "label": "GZIP"
        },
        {
          "value": "application/x-gtar",
          "label": "GZIP Tarball"
        },
        {
          "value": "image/x-portable-graymap",
          "label": "Greymap Image"
        },
        {
          "value": "text/html",
          "label": "HTML"
        },
        {
          "value": "application/vnd.oasis.opendocument.text-web",
          "label": "HTML Document Template"
        },
        {
          "value": "image/x-raw-hasselblad",
          "label": "Hasselblad RAW Image"
        },
        {
          "value": "image/ief",
          "label": "IEF Image"
        },
        {
          "value": "image/jp2",
          "label": "JPEG 2000 Image"
        },
        {
          "value": "image/jpeg",
          "label": "JPEG Image"
        },
        {
          "value": "application/json",
          "label": "JSON"
        },
        {
          "value": "application/java-archive",
          "label": "Java Archive"
        },
        {
          "value": "application/java",
          "label": "Java Class"
        },
        {
          "value": "text/x-jsp",
          "label": "Java Server Page"
        },
        {
          "value": "text/x-java-source",
          "label": "Java Source File"
        },
        {
          "value": "application/x-javascript",
          "label": "JavaScript"
        },
        {
          "value": "image/x-raw-kodak",
          "label": "Kodak RAW Image"
        },
        {
          "value": "application/x-latex",
          "label": "LaTeX"
        },
        {
          "value": "image/x-raw-leica",
          "label": "Leica RAW Image"
        },
        {
          "value": "audio/mpeg",
          "label": "MPEG Audio"
        },
        {
          "value": "video/mp2t",
          "label": "MPEG Transport Stream"
        },
        {
          "value": "video/mpeg",
          "label": "MPEG Video"
        },
        {
          "value": "video/mpeg2",
          "label": "MPEG2 Video"
        },
        {
          "value": "audio/mp4",
          "label": "MPEG4 Audio"
        },
        {
          "value": "video/mp4",
          "label": "MPEG4 Video"
        },
        {
          "value": "video/x-m4v",
          "label": "MPEG4 Video (m4v)"
        },
        {
          "value": "video/x-ms-asf",
          "label": "MS ASF Streaming Video"
        },
        {
          "value": "video/x-msvideo",
          "label": "MS Video"
        },
        {
          "value": "audio/x-ms-wma",
          "label": "MS WMA Streaming Audio"
        },
        {
          "value": "video/x-ms-wmv",
          "label": "MS WMV Streaming Video"
        },
        {
          "value": "application/x-troff-man",
          "label": "Man Page"
        },
        {
          "value": "text/x-markdown",
          "label": "Markdown"
        },
        {
          "value": "text/mediawiki",
          "label": "MediaWiki Markup"
        },
        {
          "value": "application/vnd.ms-excel",
          "label": "Microsoft Excel"
        },
        {
          "value": "application/vnd.openxmlformats-officedocument.spreadsheetml.sheet",
          "label": "Microsoft Excel 2007"
        },
        {
          "value": "application/vnd.ms-excel.addin.macroenabled.12",
          "label": "Microsoft Excel 2007 add-in"
        },
        {
          "value": "application/vnd.ms-excel.sheet.binary.macroenabled.12",
          "label": "Microsoft Excel 2007 binary workbook"
        },
        {
          "value": "application/vnd.ms-excel.sheet.macroenabled.12",
          "label": "Microsoft Excel 2007 macro-enabled workbook"
        },
        {
          "value": "application/vnd.ms-excel.template.macroenabled.12",
          "label": "Microsoft Excel 2007 macro-enabled workbook template"
        },
        {
          "value": "application/vnd.openxmlformats-officedocument.spreadsheetml.template",
          "label": "Microsoft Excel template 2007"
        },
        {
          "value": "application/vnd.ms-outlook",
          "label": "Microsoft Outlook Message"
        },
        {
          "value": "application/vnd.ms-powerpoint",
          "label": "Microsoft PowerPoint"
        },
        {
          "value": "application/vnd.openxmlformats-officedocument.presentationml.presentation",
          "label": "Microsoft PowerPoint 2007"
        },
        {
          "value": "application/vnd.ms-powerpoint.addin.macroenabled.12",
          "label": "Microsoft PowerPoint 2007 add-in"
        },
        {
          "value": "application/vnd.ms-powerpoint.presentation.macroenabled.12",
          "label": "Microsoft PowerPoint 2007 macro-enabled presentation"
        },
        {
          "value": "application/vnd.ms-powerpoint.template.macroenabled.12",
          "label": "Microsoft PowerPoint 2007 macro-enabled presentation template"
        },
        {
          "value": "application/vnd.ms-powerpoint.slide.macroenabled.12",
          "label": "Microsoft PowerPoint 2007 macro-enabled slide"
        },
        {
          "value": "application/vnd.ms-powerpoint.slideshow.macroenabled.12",
          "label": "Microsoft PowerPoint 2007 macro-enabled slide show"
        },
        {
          "value": "application/vnd.openxmlformats-officedocument.presentationml.slide",
          "label": "Microsoft PowerPoint 2007 slide"
        },
        {
          "value": "application/vnd.openxmlformats-officedocument.presentationml.slideshow",
          "label": "Microsoft PowerPoint 2007 slide show"
        },
        {
          "value": "application/vnd.openxmlformats-officedocument.presentationml.template",
          "label": "Microsoft PowerPoint 2007 template"
        },
        {
          "value": "application/vnd.ms-project",
          "label": "Microsoft Project"
        },
        {
          "value": "application/vnd.visio",
          "label": "Microsoft Visio"
        },
        {
          "value": "application/vnd.visio2013",
          "label": "Microsoft Visio 2013"
        },
        {
          "value": "application/vnd.ms-visio.drawing.macroenabled.main+xml",
          "label": "Microsoft Visio macro-enabled drawing"
        },
        {
          "value": "application/vnd.ms-visio.stencil.macroenabled.main+xml",
          "label": "Microsoft Visio macro-enabled stencil"
        },
        {
          "value": "application/vnd.ms-visio.template.macroenabled.main+xml",
          "label": "Microsoft Visio macro-enabled template"
        },
        {
          "value": "application/vnd.ms-visio.stencil.main+xml",
          "label": "Microsoft Visio stencil"
        },
        {
          "value": "application/vnd.ms-visio.template.main+xml",
          "label": "Microsoft Visio template"
        },
        {
          "value": "application/msword",
          "label": "Microsoft Word"
        },
        {
          "value": "application/vnd.openxmlformats-officedocument.wordprocessingml.document",
          "label": "Microsoft Word 2007"
        },
        {
          "value": "application/vnd.ms-word.document.macroenabled.12",
          "label": "Microsoft Word 2007 macro-enabled document"
        },
        {
          "value": "application/vnd.ms-word.template.macroenabled.12",
          "label": "Microsoft Word 2007 macro-enabled document template"
        },
        {
          "value": "application/vnd.openxmlformats-officedocument.wordprocessingml.template",
          "label": "Microsoft Word 2007 template"
        },
        {
          "value": "image/x-raw-minolta",
          "label": "Minolta RAW Image"
        },
        {
          "value": "image/x-raw-nikon",
          "label": "Nikon RAW Image"
        },
        {
          "value": "audio/ogg",
          "label": "Ogg Audio"
        },
        {
          "value": "application/ogg",
          "label": "Ogg Multiplex"
        },
        {
          "value": "video/ogg",
          "label": "Ogg Video"
        },
        {
          "value": "audio/vorbis",
          "label": "Ogg Vorbis Audio"
        },
        {
          "value": "image/x-raw-olympus",
          "label": "Olympus RAW Image"
        },
        {
          "value": "application/vnd.oasis.opendocument.chart",
          "label": "OpenDocument Chart"
        },
        {
          "value": "application/vnd.oasis.opendocument.database",
          "label": "OpenDocument Database"
        },
        {
          "value": "application/vnd.oasis.opendocument.graphics",
          "label": "OpenDocument Drawing"
        },
        {
          "value": "application/vnd.oasis.opendocument.graphics-template",
          "label": "OpenDocument Drawing Template"
        },
        {
          "value": "application/vnd.oasis.opendocument.formula",
          "label": "OpenDocument Formula"
        },
        {
          "value": "application/vnd.oasis.opendocument.image",
          "label": "OpenDocument Image"
        },
        {
          "value": "application/vnd.oasis.opendocument.text-master",
          "label": "OpenDocument Master Document"
        },
        {
          "value": "application/vnd.oasis.opendocument.presentation",
          "label": "OpenDocument Presentation"
        },
        {
          "value": "application/vnd.oasis.opendocument.presentation-template",
          "label": "OpenDocument Presentation Template"
        },
        {
          "value": "application/vnd.oasis.opendocument.spreadsheet",
          "label": "OpenDocument Spreadsheet"
        },
        {
          "value": "application/vnd.oasis.opendocument.spreadsheet-template",
          "label": "OpenDocument Spreadsheet Template"
        },
        {
          "value": "application/vnd.oasis.opendocument.text",
          "label": "OpenDocument Text (OpenOffice 2.0)"
        },
        {
          "value": "application/vnd.oasis.opendocument.text-template",
          "label": "OpenDocument Text Template"
        },
        {
          "value": "application/vnd.sun.xml.calc",
          "label": "OpenOffice 1.0/StarOffice6.0 Calc 6.0"
        },
        {
          "value": "application/vnd.sun.xml.calc.template",
          "label": "OpenOffice 1.0/StarOffice6.0 Calc 6.0 Template"
        },
        {
          "value": "application/vnd.sun.xml.draw",
          "label": "OpenOffice 1.0/StarOffice6.0 Draw 6.0"
        },
        {
          "value": "application/vnd.sun.xml.impress",
          "label": "OpenOffice 1.0/StarOffice6.0 Impress 6.0"
        },
        {
          "value": "application/vnd.sun.xml.impress.template",
          "label": "OpenOffice 1.0/StarOffice6.0 Impress 6.0 Template"
        },
        {
          "value": "application/vnd.sun.xml.writer",
          "label": "OpenOffice 1.0/StarOffice6.0 Writer 6.0"
        },
        {
          "value": "application/vnd.sun.xml.writer.template",
          "label": "OpenOffice 1.0/StarOffice6.0 Writer 6.0 Template"
        },
        {
          "value": "image/png",
          "label": "PNG Image"
        },
        {
          "value": "image/x-raw-panasonic",
          "label": "Panasonic RAW Image"
        },
        {
          "value": "image/x-raw-pentax",
          "label": "Pentax RAW Image"
        },
        {
          "value": "image/x-portable-pixmap",
          "label": "Pixmap Image"
        },
        {
          "value": "text/plain",
          "label": "Plain Text"
        },
        {
          "value": "image/x-portable-bitmap",
          "label": "Portable Bitmap"
        },
        {
          "value": "application/postscript",
          "label": "PostScript"
        },
        {
          "value": "application/remote-printing",
          "label": "Printer Text File"
        },
        {
          "value": "video/quicktime",
          "label": "Quicktime Video"
        },
        {
          "value": "video/x-rad-screenplay",
          "label": "RAD Screen Display"
        },
        {
          "value": "application/x-rar-compressed",
          "label": "RAR Archive"
        },
        {
          "value": "image/x-raw-red",
          "label": "RED RAW Image"
        },
        {
          "value": "image/x-rgb",
          "label": "RGB Image"
        },
        {
          "value": "application/rss+xml",
          "label": "RSS"
        },
        {
          "value": "image/x-cmu-raster",
          "label": "Raster Image"
        },
        {
          "value": "text/richtext",
          "label": "Rich Text"
        },
        {
          "value": "application/rtf",
          "label": "Rich Text Format"
        },
        {
          "value": "video/x-sgi-movie",
          "label": "SGI Video"
        },
        {
          "value": "text/sgml",
          "label": "SGML (Human Readable)"
        },
        {
          "value": "application/sgml",
          "label": "SGML (Machine Readable)"
        },
        {
          "value": "image/svg+xml",
          "label": "Scalable Vector Graphics Image"
        },
        {
          "value": "application/x-sh",
          "label": "Shell Script"
        },
        {
          "value": "application/x-shockwave-flash",
          "label": "Shockwave Flash"
        },
        {
          "value": "image/x-raw-sigma",
          "label": "Sigma RAW Image"
        },
        {
          "value": "image/x-raw-sony",
          "label": "Sony RAW Image"
        },
        {
          "value": "application/vnd.stardivision.chart",
          "label": "StarChart 5.x"
        },
        {
          "value": "application/vnd.stardivision.calc",
          "label": "StarCalc 5.x"
        },
        {
          "value": "application/vnd.stardivision.draw",
          "label": "StarDraw 5.x"
        },
        {
          "value": "application/vnd.stardivision.impress",
          "label": "StarImpress 5.x"
        },
        {
          "value": "application/vnd.stardivision.impress-packed",
          "label": "StarImpress Packed 5.x"
        },
        {
          "value": "application/vnd.stardivision.math",
          "label": "StarMath 5.x"
        },
        {
          "value": "application/vnd.stardivision.writer",
          "label": "StarWriter 5.x"
        },
        {
          "value": "application/vnd.stardivision.writer-global",
          "label": "StarWriter 5.x global"
        },
        {
          "value": "text/css",
          "label": "Style Sheet"
        },
        {
          "value": "image/tiff",
          "label": "TIFF Image"
        },
        {
          "value": "text/tab-separated-values",
          "label": "Tab Separated Values"
        },
        {
          "value": "application/x-tar",
          "label": "Tarball"
        },
        {
          "value": "application/x-tex",
          "label": "Tex"
        },
        {
          "value": "application/x-texinfo",
          "label": "Tex Info"
        },
        {
          "value": "x-world/x-vrml",
          "label": "VRML"
        },
        {
          "value": "audio/x-wav",
          "label": "WAV Audio"
        },
        {
          "value": "video/webm",
          "label": "WebM Video"
        },
        {
          "value": "application/wordperfect",
          "label": "WordPerfect"
        },
        {
          "value": "image/x-xbitmap",
          "label": "XBitmap Image"
        },
        {
          "value": "application/xhtml+xml",
          "label": "XHTML"
        },
        {
          "value": "text/xml",
          "label": "XML"
        },
        {
          "value": "image/x-xpixmap",
          "label": "XPixmap Image"
        },
        {
          "value": "image/x-xwindowdump",
          "label": "XWindow Dump"
        },
        {
          "value": "application/x-compress",
          "label": "Z Compress"
        },
        {
          "value": "application/zip",
          "label": "ZIP"
        },
        {
          "value": "text/calendar",
          "label": "iCalendar File"
        }
    ],
    "content-metadata": {
        "presets": {
        "custom": [
            {
            "includeAll": true,
            "exclude": [
                "rn:renditioned",
                "cm:versionable",
                "cm:auditable",
                "cm:thumbnailModification",
                "cm:content",
                "cm:author",
                "cm:titled",
                "cm:generalclassifiable",
                "cm:taggable",
                "dp:restrictable",
                "fm:commentsRollup",
                "qshare:shared",

                "exif:exif",
                "cm:effectivity",

                "cm:likesRatingSchemeRollups",
                "cm:lockable",
                "cm:ownable"
            ]
            },
            {
            "title": "APP.CONTENT_METADATA.EXIF_GROUP_TITLE",
            "items": [
                {
                "aspect": "exif:exif",
                "properties": [
                    "exif:pixelXDimension",
                    "exif:pixelYDimension",
                    "exif:dateTimeOriginal",
                    "exif:exposureTime",
                    "exif:fNumber",
                    "exif:flash",
                    "exif:focalLength",
                    "exif:isoSpeedRatings",
                    "exif:orientation",
                    "exif:manufacturer",
                    "exif:model",
                    "exif:software"
                ]
                }
            ]
            },
            {
            "title": "APP.CONTENT_METADATA.EFFECTIVITY_GROUP_TITLE",
            "items": [
                {
                "aspect": "cm:effectivity",
                "properties": [
                    "cm:from",
                    "cm:to"
                ]
                }
            ]
            }
        ]
        },
        "multi-value-pipe-separator": ", ",
        "multi-value-chips": true
    },
    "search-headers": {
        "filterWithContains": true,
        "app:fields": [
        "cm:name",
        "cm:title",
        "cm:description",
        "TEXT",
        "TAG"
        ],
        "categories": [
        {
            "id": "queryName",
            "name": "SEARCH.SEARCH_HEADER.FILTERS.NAME.TITLE",
            "columnKey": "name",
            "enabled": true,
            "component": {
            "selector": "text",
            "settings": {
                "pattern": "cm:name:'(.*?)'",
                "field": "cm:name",
                "placeholder": "SEARCH.SEARCH_HEADER.FILTERS.NAME.PLACEHOLDER",
                "searchPrefix" : "*",
                "searchSuffix" : "*"
            }
            }
        },
        {
            "id": "checkList",
            "name": "SEARCH.SEARCH_HEADER.FILTERS.TYPE.TITLE",
            "columnKey":"$thumbnail",
            "enabled": true,
            "component": {
            "selector": "check-list",
            "settings": {
                "pageSize": 5,
                "operator": "OR",
                "options": [
                {
                    "name": "SEARCH.SEARCH_HEADER.FILTERS.TYPE.FOLDER",
                    "value": "TYPE:'cm:folder'"
                },
                {
                    "name": "SEARCH.SEARCH_HEADER.FILTERS.TYPE.DOCUMENT",
                    "value": "TYPE:'cm:content'"
                }
                ]
            }
            }
        },
        {
            "id": "contentSize",
            "name": "SEARCH.SEARCH_HEADER.FILTERS.SIZE.TITLE",
            "columnKey":"content.sizeInBytes",
            "enabled": true,
            "component": {
            "selector": "check-list",
            "settings": {
                "allowUpdateOnChange": false,
                "options": [
                {
                    "name": "SEARCH.SEARCH_HEADER.FILTERS.SIZE.SMALL",
                    "value": "content.size:[0 TO 1048576> OR TYPE:'cm:folder'"
                },
                {
                    "name": "SEARCH.SEARCH_HEADER.FILTERS.SIZE.MEDIUM",
                    "value": "content.size:[1048576 TO 52428800] OR TYPE:'cm:folder'"
                },
                {
                    "name": "SEARCH.SEARCH_HEADER.FILTERS.SIZE.LARGE",
                    "value": "content.size:<52428800 TO 524288000] OR TYPE:'cm:folder'"
                },
                {
                    "name": "SEARCH.SEARCH_HEADER.FILTERS.SIZE.HUGE",
                    "value": "content.size:<524288000 TO MAX] OR TYPE:'cm:folder'"
                }
                ]
            }
            }
        },
        {
            "id": "createdDateRange",
            "name": "SEARCH.SEARCH_HEADER.FILTERS.DATE.TITLE",
            "columnKey": "createdAt",
            "enabled": true,
            "component": {
                "selector": "date-range",
                "settings": {
                    "field": "cm:created",
                    "dateFormat": "dd-MMM-yy",
                    "maxDate": "today",
                    "displayedLabelsByField": {
                        "cm:created": "SEARCH.SEARCH_HEADER.FILTERS.DATE.TITLE"
                    }
                }
            }
        }
        ],
        "highlight": {
        "prefix": " ",
        "postfix": " ",
        "mergeContiguous": true,
        "fields": [
            {
            "field": "cm:title"
            },
            {
            "field": "description",
            "prefix": "(",
            "postfix": ")"
            }
        ]
        },
        "sorting": {
        "options": [
            {
            "key": "name",
            "label": "Name",
            "type": "FIELD",
            "field": "cm:name",
            "ascending": true
            },
            {
            "key": "content.sizeInBytes",
            "label": "Size",
            "type": "FIELD",
            "field": "content.size",
            "ascending": true
            },
            {
            "key": "createdByUser",
            "label": "Author",
            "type": "FIELD",
            "field": "cm:creator",
            "ascending": true
            },
            {
            "key": "createdAt",
            "label": "Created",
            "type": "FIELD",
            "field": "cm:created",
            "ascending": true
            },
            {
            "key": "modifiedAt",
            "label": "SEARCH.SORT.MODIFIED_DATE",
            "type": "FIELD",
            "field": "cm:modified",
            "ascending": true
            },
            {
            "key": "modifiedByUser.displayName",
            "label": "SEARCH.SORT.MODIFIER",
            "type": "FIELD",
            "field": "cm:modifier",
            "ascending": true
            },
            {
            "key": "score",
            "label": "Relevance",
            "type": "SCORE",
            "field": "score",
            "ascending": false
            }
        ],
        "defaults": [
            {
            "key": "score",
            "type": "SCORE",
            "field": "score",
            "ascending": false
            }
        ]
        }
    },
    "aspect-visible": {
        "default" : ["cm:generalclassifiable", "cm:complianceable",
                    "cm:dublincore", "cm:effectivity", "cm:summarizable",
                    "cm:versionable", "cm:templatable","cm:emailed", "emailserver:aliasable",
                    "cm:taggable", "app:inlineeditable", "cm:geographic", "exif:exif",
                    "audio:audio", "cm:indexControl", "dp:restrictable", "smf:customConfigSmartFolder", "smf:systemConfigSmartFolder"],
        "ai": ["ai:products", "ai:dates", "ai:places", "ai:events", "ai:organizations", "ai:people", "ai:things", "ai:quantities", "ai:creativeWorks", "ai:labels", "ai:textLines"]
    },
    "upload": {
        "threads": 3
    },
    "notificationsPooling": 30000,
    "viewer": {
        "enableDownloadPrompt": true,
        "enableDownloadPromptReminder": true,
        "downloadPromptDelay": 50,
        "downloadPromptReminderDelay": 30,
        "enableFileAutoDownload": true,
        "fileAutoDownloadSizeThresholdInMB": 15,
        "closeButtonPosition": "right"
    },
    "process-services": {
        "adf-start-process": {
            "name": "%{processDefinition} - %{datetime}",
            "processDefinitionName": ""
        },
        "totalQuickStartProcessDefinitions": 5
    },
    "adf-task-list": {
        "presets": {
            "default": [
                {
                    "key": "name",
                    "type": "text",
                    "title": "ADF_TASK_LIST.PROPERTIES.NAME",
                    "cssClass": "adf-data-table-cell--ellipsis adf-expand-cell-2",
                    "sortable": true,
                    "desktopOnly": false,
                    "draggable": true
                },
                {
                    "key": "dueDate",
                    "type": "date",
                    "title": "ADF_TASK_LIST.PROPERTIES.DUE_DATE",
                    "cssClass": "adf-desktop-only adf-ellipsis-cell",
                    "sortable": true,
                    "desktopOnly": true,
                    "draggable": true
                },
                {
                    "key": "created",
                    "type": "date",
                    "title": "ADF_TASK_LIST.PROPERTIES.CREATED",
                    "cssClass": "adf-desktop-only adf-ellipsis-cell",
                    "sortable": true,
                    "desktopOnly": true,
                    "draggable": true
                },
                {
                    "key": "priority",
                    "type": "text",
                    "title": "ADF_TASK_LIST.PROPERTIES.PRIORITY",
                    "cssClass": "adf-desktop-only adf-ellipsis-cell",
                    "sortable": true,
                    "desktopOnly": true,
                    "draggable": true
                }
            ],
            "completed": [
                {
                    "key": "name",
                    "type": "text",
                    "title": "ADF_TASK_LIST.PROPERTIES.NAME",
                    "cssClass": "adf-data-table-cell--ellipsis adf-expand-cell-2",
                    "sortable": true,
                    "desktopOnly": false,
                    "draggable": true
                },
                {
                    "key": "created",
                    "type": "date",
                    "title": "ADF_TASK_LIST.PROPERTIES.CREATED",
                    "cssClass": "adf-desktop-only adf-ellipsis-cell",
                    "sortable": true,
                    "desktopOnly": true,
                    "draggable": true
                },
                {
                    "key": "priority",
                    "type": "text",
                    "title": "ADF_TASK_LIST.PROPERTIES.PRIORITY",
                    "cssClass": "adf-desktop-only adf-ellipsis-cell",
                    "sortable": true,
                    "desktopOnly": true,
                    "draggable": true
                }
            ],
            "aps-process-task-list": [
                {
                    "key": "name",
                    "type": "text",
                    "title": "ADF_TASK_LIST.PROPERTIES.NAME",
                    "cssClass": "adf-data-table-cell--ellipsis adf-expand-cell-2",
                    "sortable": true,
                    "desktopOnly": false,
                    "order": 1,
                    "draggable": true
                },
                {
                    "key": "dueDate",
                    "type": "date",
                    "title": "ADF_TASK_LIST.PROPERTIES.DUE_DATE",
                    "cssClass": "adf-desktop-only adf-ellipsis-cell",
                    "format": "timeAgo",
                    "sortable": true,
                    "desktopOnly": true,
                    "order": 2,
                    "draggable": true
                },
                {
                    "key": "priority",
                    "type": "text",
                    "title": "ADF_TASK_LIST.PROPERTIES.PRIORITY",
                    "cssClass": "adf-desktop-only adf-ellipsis-cell",
                    "sortable": true,
                    "desktopOnly": true,
                    "order": 3,
                    "draggable": true
                },
                {
                    "key": "created",
                    "type": "date",
                    "title": "ADF_TASK_LIST.PROPERTIES.CREATED",
                    "cssClass": "adf-desktop-only adf-ellipsis-cell",
                    "sortable": true,
                    "desktopOnly": true,
                    "order": 6,
                    "draggable": true
                }
            ]
        }
    },
    "adf-process-list": {
        "presets": {
            "running": [
                {
                    "key": "name",
                    "type": "text",
                    "title": "ADF_PROCESS_LIST.PROPERTIES.NAME",
                    "cssClass": "adf-data-table-cell--ellipsis adf-expand-cell-2",
                    "sortable": true,
                    "draggable": true
                },
                {
                    "key": "started",
                    "type": "date",
                    "title": "ADF_PROCESS_LIST.PROPERTIES.CREATED",
                    "format": "timeAgo",
                    "cssClass": "adf-desktop-only",
                    "sortable": true,
                    "draggable": true
                }
            ],
            "default": [
                {
                    "key": "name",
                    "type": "text",
                    "title": "ADF_PROCESS_LIST.PROPERTIES.NAME",
                    "cssClass": "adf-data-table-cell--ellipsis adf-expand-cell-2",
                    "sortable": true,
                    "draggable": true
                },
                {
                    "key": "started",
                    "type": "date",
                    "title": "ADF_PROCESS_LIST.PROPERTIES.CREATED",
                    "format": "timeAgo",
                    "cssClass": "adf-desktop-only",
                    "sortable": true,
                    "draggable": true
                },
                {
                    "key": "ended",
                    "type": "date",
                    "title": "ADF_PROCESS_LIST.PROPERTIES.END_DATE",
                    "cssClass": "adf-desktop-only",
                    "sortable": true,
                    "draggable": true
                }
            ]
        }
    },
    "analytics": {
      "pendoEnabled" : false,
      "pendoKey": "pendoKey",
      "pendoExcludeAllText": false,
      "pendoCustomerName": "pendoUser"
    }
}
